journal,issn_print,issn_online,rank,tier
Journal of Policy Analysis and Management,,,1,Canonical core
Policy Studies Journal,,,2,Canonical core
Review of Policy Research,1541-132X,1541-1338,3,Canonical core
International Review of Public Policy,,,4,Canonical core
Research Policy,0048-7333,,5,Canonical core
Health Affairs,,,6,Canonical core
Public Administration Review,0033-3352,1540-6210,7,Canonical core
Energy Policy,,,8,Canonical core
Journal of Public Administration Research and Theory,,,9,Canonical core
World Development,0305-750X,,10,Canonical core
Journal of European Public Policy,1350-1763,1466-4429,11,Canonical core
Public Administration,0033-3298,1467-9299,12,Canonical core
Transportation Research Part A: Policy and Practice,,,13,Canonical core
Milbank Quarterly,,,14,Canonical core
Public Management Review,1471-9037,1471-9045,15,Canonical core
Governance,0952-1895,1468-0491,16,Canonical core
Global Environmental Politics,,,17,Canonical core
Journal of Social Policy,,,18,Canonical core
Policy Sciences,0032-2687,1573-0891,19,Canonical core
American Review of Public Administration,0275-0740,1552-3357,20,Canonical core
Regulation and Governance,,,21,Canonical core
Policy and Society,1449-4035,1839-3373,22,Canonical core
"Journal of Health Politics, Policy and Law",,,23,Canonical core
Social Policy and Administration,,,24,Canonical core
Policy and Politics,,,25,Canonical core
Public Policy and Administration,,,26,Canonical core
Journal of Public Policy,,,27,Canonical core
Policy Studies,,,28,Canonical core
Critical Policy Studies,,,29,Canonical core
Evidence and Policy,,,30,Canonical core
Journal of Comparative Policy Analysis: Research and Practice,,,31,Canonical core
Policy Design and Practice,2574-1292,,32,Canonical core
Information Polity,,,33,Canonical core
Social Policy and Society,,,34,Metric extension
Health Policy,,,35,Metric extension
Health Policy and Planning,,,36,Metric extension
Environmental Policy and Governance,,,37,Metric extension
Climate Policy,,,38,Metric extension
Journal of Environmental Policy and Planning,,,39,Metric extension
Clean Technologies and Environmental Policy,,,40,Metric extension
Transport Policy,,,41,Metric extension
Urban Affairs Review,1078-0874,1552-8332,42,Metric extension
Journal of Urban Affairs,,,43,Metric extension
Science and Public Policy,,,44,Metric extension
Government Information Quarterly,0740-624X,,45,Metric extension
Telecommunications Policy,,,46,Metric extension
American Journal of Evaluation,,,47,Metric extension
Perspectives on Public Management and Governance,,,48,Metric extension
Educational Evaluation and Policy Analysis,,,49,Metric extension
"Digital Policy, Regulation and Governance",,,50,Metric extension
