item_id,agent_relevance,agent_reason,theme
ref:4b09ba1dc554,4,收錄 Black-Jensen-Scholes 對 CAPM 的實證檢驗，記錄低 beta 股票報酬過高的平坦證券市場線，是方向 A 判斷 v1 低波動傾斜來源的低 beta 異象原點文獻。,A 低波動與低beta異象
10.1111/j.1540-6261.1997.tb03808.x,4,提出含動能的四因子模型，可直接用於方向 A 將 ML 選股報酬對市場、規模、價值、動能因子回歸，檢驗訊號是否為新資訊。,A 機器學習與已知因子
10.1093/rfs/hhy131,4,以 452 個異象顯示多數在微型股處理與多重檢定門檻下失效，且交易摩擦類異象幾乎全滅，支持方向 A 關於異象衰減與難交易股票的論點。,A 異象、套利限制與因子動物園
10.1093/rfs/hhm075,3,顯示估計誤差下最適化組合樣本外常輸給 1/N，可作為台股 ML 策略樣本外比較的簡單基準與驗證背景。,驗證與回測過度配適
10.1111/j.1540-6261.1993.tb04702.x,4,動能效應的原始文獻，方向 A 需以此判斷價量 ML 模型學到的是否只是 3-12 個月動能。,A 機器學習與已知因子
10.1111/j.1540-6261.2011.01671.x,3,提出「因子動物園」問題並呼籲釐清哪些特徵提供獨立資訊，為方向 A 檢驗 ML 訊號是否為新因子提供概念框架。,A 異象、套利限制與因子動物園
10.2307/1913625,3,GRS 檢定可檢驗 ML 組合是否被已知因子張成（alpha 聯合為零），是方向 A 與驗證的標準統計工具。,驗證與回測過度配適
10.1111/0022-1082.00148,2,條件變數負荷對橫斷面報酬的解釋力，對方向 A 僅為條件因子模型的一般背景，與台股 ML 選股關係較遠。,A 機器學習與已知因子
ref:3c073ab4a329,2,深度學習教科書，僅提供方向 F 神經網路與表示學習的一般技術背景，未涉及資產定價。,F 時間序列表示學習
10.1287/moor.15.4.676,4,證明比例交易成本下最適策略為「不交易區間」，正好為 v1 手寫緩衝規則（前 20 買、跌出 30 賣）提供方向 B 的理論依據。,B 交易成本與換手
10.21314/jor.2001.041,3,最適下單執行的經典模型，權衡市場衝擊與價格風險，為方向 G 執行問題與方向 B 成本建模提供基礎。,G 避險與下單執行
10.1016/0022-0531(71)90038-x,2,連續時間最適消費與投資組合的經典理論，對方向 G 學習再平衡僅為已知最適解的遠端理論背景。,G 強化學習交易與配置
ref:0f1b52969caa,2,應計異象的原始文獻，屬會計基本面因子，對以價量為主的台股 ML 系統之方向 A 僅為因子動物園的一員。,A 異象、套利限制與因子動物園
ref:e1954177fd76,2,資產定價教科書，提供隨機折現因子與因子模型檢定的一般理論背景，與研究問題無直接對應。,其他
ref:9d23c40830a4,3,CAPM 原始文獻，是方向 A 討論 beta 與低波動／低 beta 異象的理論基準。,A 低波動與低beta異象
10.1002/asmb.2209,3,早期以深度自編碼器建構投資組合的研究，可作為方向 F 表示學習應用於選股的先例與對照。,F 深度學習資產定價
10.1111/j.1540-6261.1997.tb02724.x,3,DGTW 特徵配對基準可用於方向 A 檢查 ML 選股超額報酬是否只是規模、淨值市價比與動能特徵的傾斜。,A 機器學習與已知因子
ref:b8caf0b111b7,3,均值-變異數組合理論原點，是方向 B 預測後最佳化與端到端組合學習所延伸的基本框架。,B 決策導向與端到端學習
ref:6f4140d1b8c6,4,Black-Jensen-Scholes 實證發現低 beta 股票 alpha 為正，是方向 A 解釋 v1 隱性低波動傾斜的低 beta 異象基礎證據。,A 低波動與低beta異象
10.1016/j.jempfin.2005.12.001,3,檢視長期 CAPM 表現與 beta 時變性，為方向 A 理解低 beta／低波動傾斜在不同期間表現提供背景。,A 低波動與低beta異象
10.1111/j.1540-6261.1952.tb01525.x,3,均值-變異數組合理論原點，是方向 B 預測後最佳化與端到端組合學習所延伸的基本框架。,B 決策導向與端到端學習
10.1111/jofi.13477,4,以決策樹依 SDF 建構可解釋且樣本外 Sharpe 較高的橫斷面組合，並與 ML 預測組合比較，可為方向 A/F 檢視 ML 學到的特徵交互作用提供方法。,F 深度學習資產定價
10.1016/0304-405x(93)90023-5,4,Fama-French 三因子模型，是方向 A 將 ML 選股報酬分解為市場、規模、價值暴露的標準基準。,A 機器學習與已知因子
10.1016/j.jet.2016.06.001,5,推廣 Garleanu-Pedersen 部分調整至一般摩擦下的動態組合，直接為方向 B 將交易成本納入選股決策、取代手寫緩衝規則提供理論核心。,B 交易成本與換手
10.1111/j.1540-6261.1992.tb04398.x,4,證明規模與淨值市價比主導橫斷面報酬且 beta 與報酬關係平坦，同時支持方向 A 的已知因子基準與低 beta 異象背景。,A 機器學習與已知因子
10.1086/260061,3,Fama-MacBeth 橫斷面迴歸是檢驗機器學習訊號是否被波動度、動能、規模等已知特徵解釋的標準工具，可作為方向A因子暴露分析的方法基礎。,A 機器學習與已知因子
10.1016/j.jfineco.2019.06.008,4,以收縮估計在大量特徵下建構SDF，處理因子動物園與高維度過度配適問題，可作為方向A比較ML訊號與既有異象組合的正則化基準。,A 異象、套利限制與因子動物園
10.1093/rfs/hhm014,3,顯示多數股權溢酬預測變數在樣本外失效，為本研究強調嚴格樣本外檢驗、避免弱訊號被高估提供經典警示。,驗證與回測過度配適
10.1086/295472,4,Black 受限借貸CAPM是低beta異象（BAB）的理論起源，可解釋v1在2025年失敗時隱含的低波動傾斜為何會產生報酬與風險。,A 低波動與低beta異象
10.1016/j.jfineco.2013.01.003,3,毛利率溢酬是常見的品質因子，可作為方向A檢驗ML選股訊號是否只是已知因子再包裝的控制變數之一。,A 異象、套利限制與因子動物園
10.1016/s1386-4181(01)00024-6,3,Amihud 非流動性指標可用來衡量台股中型股的交易難度，檢驗ML獲利是否集中在難以交易的股票並估計成本，連結方向A與B。,A 異象、套利限制與因子動物園
10.3905/jpm.1993.409440,3,說明平均數估計誤差對最適投組的破壞遠大於共變異數誤差，為方向B中決策導向學習與將預測誤差納入最佳化的動機提供背景。,B 決策導向與端到端學習
10.1016/s0304-405x(99)00004-5,4,量化報酬可預測性在交易成本下的效用損失，直接回應方向B「弱訊號在成本後還剩多少價值」的核心問題。,B 交易成本與換手
10.1111/j.1540-6261.2008.01371.x,3,檢驗各異象在不同市值組別的普遍性，提醒方向A需區分訊號在大型股（TW50）與中型股的表現差異。,A 異象、套利限制與因子動物園
10.2307/1913610,2,Newey-West 標準誤是月頻報酬檢定的常用計量工具，對本研究的統計推論僅屬技術性支援。,驗證與回測過度配適
10.1093/rfs/hhu068,3,q因子模型提供另一組基準因子，可用於方向A檢驗ML選股超額報酬在控制投資與獲利因子後是否仍存在。,A 機器學習與已知因子
10.1086/374184,3,流動性風險因子可作為方向A的控制因子，並協助判斷ML訊號是否承擔了流動性風險而非真正的新資訊。,A 異象、套利限制與因子動物園
10.1111/j.1540-6261.1991.tb02675.x,4,證明交易成本下最適投組呈現兩道控制邊界的無交易區間，為「前20買、跌出前30賣」緩衝規則提供理論依據，屬方向B核心背景。,B 交易成本與換手
10.1287/moor.28.1.1.14260,2,以不確定集合處理參數估計誤差的穩健投組最佳化，與方向B的決策導向學習僅有間接關聯。,B 決策導向與端到端學習
10.1111/j.1540-6261.2010.01598.x,3,以自助法區分運氣與技能並強調成本吞噬績效，可借用於檢驗本研究ML策略成本後超額報酬是否顯著。,驗證與回測過度配適
10.1111/0022-1082.00287,4,顯示報酬可預測性使無交易區間變為狀態相依且更寬，直接支持方向B中依訊號強弱調整緩衝區與再平衡頻率的設計。,B 交易成本與換手
10.1093/0198296940.001.0001,2,長期投資者跨期資產配置的經典教科書，對本研究月頻選股與成本問題僅提供一般動態配置背景。,其他
10.1111/j.1540-6261.2004.00656.x,4,以價格衝擊模型檢驗動能策略成本後獲利與損益兩平規模，並提出流動性加權降低成本，直接對應v1成本前勝出、成本後虧損的問題。,B 交易成本與換手
10.1086/261410,3,交易成本下投資者會大幅減少交易而僅承受小幅效用損失的經典結果，為方向B降低換手與無交易區間提供理論背景。,B 交易成本與換手
10.1561/104.00000024,4,以Fama-MacBeth組合多個特徵產生樣本外報酬預測，是方向A中衡量非線性ML模型相對簡單線性特徵組合增益的重要基準。,A 機器學習與已知因子
10.2307/1924119,2,CAPM 奠基文獻，僅為方向A討論beta與低波動異象提供理論起點。,A 低波動與低beta異象
10.1016/0022-0531(76)90046-6,2,套利定價理論是IPCA與自編碼器等潛在因子模型的理論根源，對方向A/F僅屬遠端背景。,A 機器學習與已知因子
10.1111/jofi.13249,4,以貝氏模型重新評估因子可複製性與多重檢定，並提供93國資料的樣本外證據，可用於方向A判斷台股訊號是否屬已知因子主題。,A 異象、套利限制與因子動物園
10.1016/j.jacceco.2014.06.001,4,記錄高流動性時代異象報酬衰退，直接支持方向A關於異象衰減及ML訊號在近期樣本失效的討論。,A 異象、套利限制與因子動物園
10.1111/j.1540-6261.2008.01370.x,2,資產成長異象屬基本面因子，本研究以價量特徵為主，僅能作為因子控制的次要參考。,A 異象、套利限制與因子動物園
10.1016/0304-405x(88)90020-7,1,探討股利殖利率對整體市場報酬的時間序列預測，屬總體報酬可預測性文獻，與個股橫斷面選股、因子暴露或交易成本的研究主軸關聯很低。,其他
10.1093/rfs/hhm055,2,指出樣本外市場報酬預測難以勝過歷史平均並提出樣本外R²評估，可作為驗證方向中樣本外檢定方法的背景，但對象是市場層級而非個股選股。,驗證與回測過度配適
10.1093/rfs/hhw107,3,提出以多項異象組成的錯誤定價因子模型，可作為方向A檢驗機器學習選股訊號是否只是已知異象因子的對照基準模型。,A 異象、套利限制與因子動物園
10.1111/j.1540-6261.1996.tb05202.x,4,證明多數異象可被三因子模型解釋，是方向A以因子回歸拆解機器學習訊號、判斷其報酬是否為規模與價值等已知因子暴露的經典方法依據。,A 機器學習與已知因子
10.1016/j.jacceco.2004.10.002,2,提出淨營運資產異象，屬會計基本面特徵，對僅用價量資料的台股選股系統而言只是因子動物園中的一個背景異象。,A 異象、套利限制與因子動物園
10.1093/rfs/3.3.431,4,說明依據已知樣本特徵分組檢定資產定價模型會產生資料窺探偏誤，直接支持驗證方向中對回測過度配適與多重檢定的警示。,驗證與回測過度配適
10.1111/j.1540-6261.2004.00634.x,4,推導多資產在固定與比例交易成本下的最適策略為不交易區間加上閾值調整，並指出成本會大幅削弱報酬可預測性的價值，為方向B中買賣緩衝區規則提供理論依據。,B 交易成本與換手
10.1016/0304-405x(95)00868-f,4,以大量特徵預測個股報酬並發現低風險股反而報酬較高，是多特徵選股模型與低波動異象的早期代表作，可協助方向A理解模型為何隱含低波動傾斜。,A 低波動與低beta異象
10.1093/rfs/1.3.195,1,以對數線性近似分解股價股利比與未來股利及折現率，屬總體資產定價與市場報酬預測，與個股選股研究主軸關聯很低。,其他
10.1111/j.1540-6261.1990.tb05110.x,3,記錄個股月報酬的短期反轉與十二個月正自相關，是價量訊號（反轉與動能）的經典來源，可協助方向A判斷機器學習模型是否只是重新學到這些已知型態。,A 機器學習與已知因子
