no,reference,doi,status,failed_checks,match_score,title_overlap,matched_title,matched_journal,matched_year,candidate_doi,origin
1,"Agrawal, A., Amos, B., Barratt, S., Boyd, S., Diamond, S., & Kolter, J. Z. (2019). Differentiable convex optimization layers. NeurIPS.",,low_confidence,score;title,40.8,0.33,Convex Optimization Over Risk-Neutral Probabilities,,2020,10.2139/ssrn.3548956,seed-references.csv
2,"Avramov, D., Cheng, S., & Metzker, L. (2023). Machine learning vs. economic restrictions: Evidence from stock return predictability. Management Science, 69(5).",10.1287/mnsc.2022.4449,resolved,,113.9,1.0,Machine Learning vs. Economic Restrictions: Evidence from Stock Return Predictability,Management Science,2023,,seed-references.csv
3,"Baker, M., Bradley, B., & Wurgler, J. (2011). Benchmarks as limits to arbitrage: Understanding the low-volatility anomaly. Financial Analysts Journal, 67(1).",10.2469/faj.v67.n1.4,resolved,,114.4,1.0,Benchmarks as Limits to Arbitrage: Understanding the Low-Volatility Anomaly,Financial Analysts Journal,2011,,seed-references.csv
4,"Bailey, D. H., & López de Prado, M. (2014). The deflated Sharpe ratio. Journal of Portfolio Management, 40(5).",10.3905/jpm.2014.40.5.094,doi_given,,,,"The Deflated Sharpe Ratio: Correcting for Selection Bias, Backtest Overfitting, and Non-Normality",The Journal of Portfolio Management,2014,,seed-references.csv
5,"Buehler, H., Gonon, L., Teichmann, J., & Wood, B. (2019). Deep hedging. Quantitative Finance, 19(8).",10.1080/14697688.2019.1571683,doi_given,,,,Deep hedging,Quantitative Finance,2019,,seed-references.csv
6,"Chen, L., Pelger, M., & Zhu, J. (2024). Deep learning in asset pricing. Management Science, 70(2).",10.1287/mnsc.2023.4695,resolved,,71.6,1.0,Deep Learning in Asset Pricing,Management Science,2024,,seed-references.csv
7,"Elmachtoub, A. N., & Grigas, P. (2022). Smart ""predict, then optimize"". Management Science, 68(1).",10.1287/mnsc.2020.3922,resolved,,75.1,1.0,"Smart “Predict, then Optimize”",Management Science,2022,,seed-references.csv
8,"Frazzini, A., & Pedersen, L. H. (2014). Betting against beta. Journal of Financial Economics, 111(1).",10.1016/j.jfineco.2013.10.005,resolved,,77.2,1.0,Betting against beta,Journal of Financial Economics,2014,,seed-references.csv
9,"Gârleanu, N., & Pedersen, L. H. (2013). Dynamic trading with predictable returns and transaction costs. Journal of Finance, 68(6).",10.1111/jofi.12080,resolved,,88.6,1.0,Dynamic Trading with Predictable Returns and Transaction Costs,The Journal of Finance,2013,,seed-references.csv
10,"Gu, S., Kelly, B., & Xiu, D. (2020). Empirical asset pricing via machine learning. Review of Financial Studies, 33(5).",10.1093/rfs/hhaa009,resolved,,84.9,1.0,Empirical Asset Pricing via Machine Learning,The Review of Financial Studies,2020,,seed-references.csv
11,"Gu, S., Kelly, B., & Xiu, D. (2021). Autoencoder asset pricing models. Journal of Econometrics, 222(1).",10.1016/j.jeconom.2020.07.009,resolved,,83.9,1.0,Autoencoder asset pricing models,Journal of Econometrics,2021,,seed-references.csv
12,"Hambly, B., Xu, R., & Yang, H. (2023). Recent advances in reinforcement learning in finance. Mathematical Finance, 33(3).",10.1111/mafi.12382,resolved,,81.8,1.0,Recent advances in reinforcement learning in finance,Mathematical Finance,2023,,seed-references.csv
13,"Harvey, C. R., Liu, Y., & Zhu, H. (2016). ... and the cross-section of expected returns. Review of Financial Studies, 29(1).",10.1093/rfs/hhv059,doi_given,,,,… and the Cross-Section of Expected Returns,Review of Financial Studies,2015,,seed-references.csv
14,"Jensen, T. I., Kelly, B., Malamud, S., & Pedersen, L. H. Machine learning and the implementable efficient frontier. SSRN working paper.",10.2139/ssrn.4187217,resolved,,86.7,1.0,Machine Learning and the Implementable Efficient Frontier,,2022,,seed-references.csv
15,"Jiang, Z., Xu, D., & Liang, J. (2017). A deep reinforcement learning framework for the financial portfolio management problem. arXiv:1706.10059.",,low_confidence,score,52.9,0.71,Cryptocurrency portfolio management with deep reinforcement learning,2017 Intelligent Systems Conference (IntelliSys),2017,10.1109/intellisys.2017.8324237,seed-references.csv
16,"Kelly, B., Malamud, S., & Zhou, K. (2024). The virtue of complexity in return prediction. Journal of Finance, 79(1).",10.1111/jofi.13298,resolved,,70.1,1.0,The Virtue of Complexity in Return Prediction,The Journal of Finance,2023,,seed-references.csv
17,"Kelly, B., Pruitt, S., & Su, Y. (2019). Characteristics are covariances: A unified model of risk and return. Journal of Financial Economics, 134(3).",10.1016/j.jfineco.2019.05.001,resolved,,88.7,1.0,Characteristics are covariances: A unified model of risk and return,Journal of Financial Economics,2019,,seed-references.csv
18,"Kolm, P. N., & Ritter, G. (2019). Dynamic replication and hedging: A reinforcement learning approach. Journal of Financial Data Science, 1(1).",10.3905/jfds.2019.1.1.159,resolved,,78.4,1.0,Dynamic Replication and Hedging: A Reinforcement Learning Approach,The Journal of Financial Data Science,2019,,seed-references.csv
19,"Li, T., et al. (2024). MASTER: Market-guided stock transformer for stock price forecasting. AAAI 2024.",10.1609/aaai.v38i1.27767,resolved,,76.4,1.0,MASTER: Market-Guided Stock Transformer for Stock Price Forecasting,Proceedings of the AAAI Conference on Artificial Intelligence,2024,,seed-references.csv
20,"McLean, R. D., & Pontiff, J. (2016). Does academic research destroy stock return predictability? Journal of Finance, 71(1).",10.1111/jofi.12365,resolved,,93.3,1.0,Does Academic Research Destroy Stock Return Predictability?,The Journal of Finance,2016,,seed-references.csv
21,"Moody, J., & Saffell, M. (2001). Learning to trade via direct reinforcement. IEEE Transactions on Neural Networks, 12(4).",10.1109/72.935097,resolved,,87.9,1.0,Learning to trade via direct reinforcement,IEEE Transactions on Neural Networks,2001,,seed-references.csv
22,"Nie, Y., Nguyen, N. H., Sinthong, P., & Kalagnanam, J. (2023). A time series is worth 64 words: Long-term forecasting with transformers. ICLR 2023.",,low_confidence,score;title;author,55.2,0.3,TSMixer: Lightweight MLP-Mixer Model for Multivariate Time Series Forecasting,Proceedings of the 29th ACM SIGKDD Conference on Knowledge Discovery and Data Mining,2023,10.1145/3580305.3599533,seed-references.csv
23,"Yue, Z., et al. (2022). TS2Vec: Towards universal representation of time series. AAAI 2022.",10.1609/aaai.v36i8.20881,doi_given,,,,TS2Vec: Towards Universal Representation of Time Series,Proceedings of the AAAI Conference on Artificial Intelligence,2022,,seed-references.csv
24,"Zhang, Z., Zohren, S., & Roberts, S. (2020). Deep learning for portfolio optimization. Journal of Financial Data Science, 2(4).",10.3905/jfds.2020.1.042,doi_given,,,,Deep Learning for Portfolio Optimization,The Journal of Financial Data Science,2020,,seed-references.csv
