journal,issn_print,issn_online
Journal of Finance,0022-1082,1540-6261
Journal of Financial Economics,0304-405X,
Review of Financial Studies,0893-9454,1465-7368
Management Science,0025-1909,1526-5501
Journal of Financial and Quantitative Analysis,0022-1090,1756-6916
Review of Finance,1572-3097,1573-692X
Journal of Financial Econometrics,1479-8409,1479-8417
Journal of Econometrics,0304-4076,
Journal of Empirical Finance,0927-5398,
Journal of Banking & Finance,0378-4266,
Pacific-Basin Finance Journal,0927-538X,
Quantitative Finance,1469-7688,1469-7696
Mathematical Finance,0960-1627,1467-9965
SIAM Journal on Financial Mathematics,1945-497X,
Journal of Portfolio Management,0095-4918,2168-8656
Financial Analysts Journal,0015-198X,1938-3312
Journal of Financial Data Science,2640-3943,2640-3951
Operations Research,0030-364X,1526-5463
IEEE Transactions on Neural Networks and Learning Systems,2162-237X,2162-2388
Expert Systems with Applications,0957-4174,
